<?xml version="1.0"?>
<Runs Version="1" Minor="8">
	<Run Id="synth_1" Type="Ft3:Synth" SrcSet="sources_1" Part="xc7z020clg484-1" LaunchPart="xc7z020clg484-1" ConstrsSet="constrs_1" Description="PlanAhead Defaults (XST defaults with hierarchy)" State="current" Dir="$PRUNDIR/synth_1" LaunchTime="1497251781">
		<File Type="XST-NGC" Name="system_stub.ngc"/>
		<File Type="RUN-STRAT" Name="$PDATADIR/runs/synth_1/synth_1.psg"/>
		<File Type="XST-SRP" Name="system_stub.srp"/>
		<File Type="PA-XST" Name="system_stub.xst"/>
		<File Type="RUN-SRCS" Name="$PDATADIR/runs/synth_1/sources.xml"/>
		<File Type="PA-XSTPRJ" Name="system_stub.prj"/>
		<File Type="RUN-CONSTRS" Name="$PDATADIR/runs/synth_1/constrs_in.xml"/>
	</Run>
	<Run Id="impl_1" Type="Ft2:EntireDesign" SynthRun="synth_1" Part="xc7z020clg484-1" LaunchPart="xc7z020clg484-1" ConstrsSet="constrs_1" Description="ISE Defaults, including packing registers in IOs off" State="current" Dir="$PRUNDIR/impl_1" LaunchTime="1497251801">
		<File Type="MAP-PSR" Name="system_stub.psr"/>
		<File Type="PA-EDIF" Name="system_stub.edf"/>
		<File Type="PAR-NCD" Name="system_stub_routed.ncd"/>
		<File Type="PA-UCF" Name="system_stub.ucf"/>
		<File Type="PAR-PAD" Name="system_stub_routed_pad.txt"/>
		<File Type="PAR-PAR" Name="system_stub_routed.par"/>
		<File Type="PAR-UNR" Name="system_stub_routed.unroutes"/>
		<File Type="BG-BIT" Name="system_stub.bit"/>
		<File Type="BG-DRC" Name="system_stub.drc"/>
		<File Type="PA-CONSTRSDIR" Name=".constrs"/>
		<File Type="BG-BGN" Name="system_stub.bgn"/>
		<File Type="TRCE-TWR" Name="system_stub.twr"/>
		<File Type="TRCE-TWX" Name="system_stub.twx"/>
		<File Type="XDL-XDL" Name="system_stub_routed.xdl"/>
		<File Type="WBT-USG" Name="usage_statistics_webtalk.html"/>
		<File Type="WBT-LOG" Name="webtalk.log"/>
		<File Type="RUN-CONSTRS" Name="$PDATADIR/runs/impl_1/constrs_in.xml"/>
		<File Type="RUN-STRAT" Name="$PDATADIR/runs/impl_1/impl_1.psg"/>
		<File Type="NGDB-NGD" Name="system_stub.ngd"/>
		<File Type="NGDB-BLD" Name="system_stub.bld"/>
		<File Type="MAP-NCD" Name="system_stub.ncd"/>
		<File Type="MAP-PCF" Name="system_stub.pcf"/>
		<File Type="MAP-MRP" Name="system_stub.mrp"/>
		<File Type="MAP-MAP" Name="system_stub.map"/>
	</Run>
</Runs>

